name,email,age,monthly_income,credit_score,role,password
Employee 1,employee1@example.com,37,5269.49,712,EMPLOYEE,$2a$10$EblN0qSJB0xoga.FWp5Xuea2iXh4nL2Lk9QZcvrBekzvOft/Sifr6
Employee 2,employee2@example.com,45,5569.19,725,EMPLOYEE,$2a$10$EblN0qSJB0xoga.FWp5Xuea2iXh4nL2Lk9QZcvrBekzvOft/Sifr6
Employee 3,employee3@example.com,34,4358.6,748,EMPLOYEE,$2a$10$EblN0qSJB0xoga.FWp5Xuea2iXh4nL2Lk9QZcvrBekzvOft/Sifr6
Employee 4,employee4@example.com,38,5630.43,736,EMPLOYEE,$2a$10$EblN0qSJB0xoga.FWp5Xuea2iXh4nL2Lk9QZcvrBekzvOft/Sifr6
Employee 5,employee5@example.com,32,5476.68,769,EMPLOYEE,$2a$10$EblN0qSJB0xoga.FWp5Xuea2iXh4nL2Lk9QZcvrBekzvOft/Sifr6
Employee 6,employee6@example.com,27,6441.12,719,EMPLOYEE,$2a$10$EblN0qSJB0xoga.FWp5Xuea2iXh4nL2Lk9QZcvrBekzvOft/Sifr6
Employee 7,employee7@example.com,33,5729.48,787,EMPLOYEE,$2a$10$EblN0qSJB0xoga.FWp5Xuea2iXh4nL2Lk9QZcvrBekzvOft/Sifr6
Employee 8,employee8@example.com,43,6261.12,728,EMPLOYEE,$2a$10$EblN0qSJB0xoga.FWp5Xuea2iXh4nL2Lk9QZcvrBekzvOft/Sifr6
Employee 9,employee9@example.com,50,5214.08,702,EMPLOYEE,$2a$10$EblN0qSJB0xoga.FWp5Xuea2iXh4nL2Lk9QZcvrBekzvOft/Sifr6
Employee 10,employee10@example.com,40,5436.19,818,EMPLOYEE,$2a$10$EblN0qSJB0xoga.FWp5Xuea2iXh4nL2Lk9QZcvrBekzvOft/Sifr6
Employee 11,employee11@example.com,49,4757.11,712,EMPLOYEE,$2a$10$EblN0qSJB0xoga.FWp5Xuea2iXh4nL2Lk9QZcvrBekzvOft/Sifr6
Employee 12,employee12@example.com,40,6529.99,742,EMPLOYEE,$2a$10$EblN0qSJB0xoga.FWp5Xuea2iXh4nL2Lk9QZcvrBekzvOft/Sifr6
Employee 13,employee13@example.com,58,6585.85,744,EMPLOYEE,$2a$10$EblN0qSJB0xoga.FWp5Xuea2iXh4nL2Lk9QZcvrBekzvOft/Sifr6
Employee 14,employee14@example.com,49,4490.63,785,EMPLOYEE,$2a$10$EblN0qSJB0xoga.FWp5Xuea2iXh4nL2Lk9QZcvrBekzvOft/Sifr6
Employee 15,employee15@example.com,28,4356.67,817,EMPLOYEE,$2a$10$EblN0qSJB0xoga.FWp5Xuea2iXh4nL2Lk9QZcvrBekzvOft/Sifr6
Employee 16,employee16@example.com,59,6557.18,718,EMPLOYEE,$2a$10$EblN0qSJB0xoga.FWp5Xuea2iXh4nL2Lk9QZcvrBekzvOft/Sifr6
Employee 17,employee17@example.com,32,5729.31,723,EMPLOYEE,$2a$10$EblN0qSJB0xoga.FWp5Xuea2iXh4nL2Lk9QZcvrBekzvOft/Sifr6
Employee 18,employee18@example.com,57,4410.86,704,EMPLOYEE,$2a$10$EblN0qSJB0xoga.FWp5Xuea2iXh4nL2Lk9QZcvrBekzvOft/Sifr6
Employee 19,employee19@example.com,46,6949.54,803,EMPLOYEE,$2a$10$EblN0qSJB0xoga.FWp5Xuea2iXh4nL2Lk9QZcvrBekzvOft/Sifr6
Employee 20,employee20@example.com,35,5388.59,790,EMPLOYEE,$2a$10$EblN0qSJB0xoga.FWp5Xuea2iXh4nL2Lk9QZcvrBekzvOft/Sifr6
Employee 21,employee21@example.com,35,6873.87,806,EMPLOYEE,$2a$10$EblN0qSJB0xoga.FWp5Xuea2iXh4nL2Lk9QZcvrBekzvOft/Sifr6
Employee 22,employee22@example.com,50,4603.09,811,EMPLOYEE,$2a$10$EblN0qSJB0xoga.FWp5Xuea2iXh4nL2Lk9QZcvrBekzvOft/Sifr6
Employee 23,employee23@example.com,31,4983.18,735,EMPLOYEE,$2a$10$EblN0qSJB0xoga.FWp5Xuea2iXh4nL2Lk9QZcvrBekzvOft/Sifr6
Employee 24,employee24@example.com,50,6744.73,790,EMPLOYEE,$2a$10$EblN0qSJB0xoga.FWp5Xuea2iXh4nL2Lk9QZcvrBekzvOft/Sifr6
Employee 25,employee25@example.com,27,6975.49,759,EMPLOYEE,$2a$10$EblN0qSJB0xoga.FWp5Xuea2iXh4nL2Lk9QZcvrBekzvOft/Sifr6
Employee 26,employee26@example.com,28,5075.47,752,EMPLOYEE,$2a$10$EblN0qSJB0xoga.FWp5Xuea2iXh4nL2Lk9QZcvrBekzvOft/Sifr6
Employee 27,employee27@example.com,32,5230.0,747,EMPLOYEE,$2a$10$EblN0qSJB0xoga.FWp5Xuea2iXh4nL2Lk9QZcvrBekzvOft/Sifr6
Employee 28,employee28@example.com,31,5194.55,756,EMPLOYEE,$2a$10$EblN0qSJB0xoga.FWp5Xuea2iXh4nL2Lk9QZcvrBekzvOft/Sifr6
Employee 29,employee29@example.com,57,4292.31,789,EMPLOYEE,$2a$10$EblN0qSJB0xoga.FWp5Xuea2iXh4nL2Lk9QZcvrBekzvOft/Sifr6
Employee 30,employee30@example.com,30,6921.41,748,EMPLOYEE,$2a$10$EblN0qSJB0xoga.FWp5Xuea2iXh4nL2Lk9QZcvrBekzvOft/Sifr6
Employee 31,employee31@example.com,45,6588.64,767,EMPLOYEE,$2a$10$EblN0qSJB0xoga.FWp5Xuea2iXh4nL2Lk9QZcvrBekzvOft/Sifr6
Employee 32,employee32@example.com,41,5539.35,747,EMPLOYEE,$2a$10$EblN0qSJB0xoga.FWp5Xuea2iXh4nL2Lk9QZcvrBekzvOft/Sifr6
Employee 33,employee33@example.com,43,5316.83,806,EMPLOYEE,$2a$10$EblN0qSJB0xoga.FWp5Xuea2iXh4nL2Lk9QZcvrBekzvOft/Sifr6
Employee 34,employee34@example.com,44,5128.65,776,EMPLOYEE,$2a$10$EblN0qSJB0xoga.FWp5Xuea2iXh4nL2Lk9QZcvrBekzvOft/Sifr6
Employee 35,employee35@example.com,55,6532.79,719,EMPLOYEE,$2a$10$EblN0qSJB0xoga.FWp5Xuea2iXh4nL2Lk9QZcvrBekzvOft/Sifr6
Employee 36,employee36@example.com,57,4468.74,811,EMPLOYEE,$2a$10$EblN0qSJB0xoga.FWp5Xuea2iXh4nL2Lk9QZcvrBekzvOft/Sifr6
Employee 37,employee37@example.com,54,6639.57,802,EMPLOYEE,$2a$10$EblN0qSJB0xoga.FWp5Xuea2iXh4nL2Lk9QZcvrBekzvOft/Sifr6
Employee 38,employee38@example.com,36,5992.48,732,EMPLOYEE,$2a$10$EblN0qSJB0xoga.FWp5Xuea2iXh4nL2Lk9QZcvrBekzvOft/Sifr6
Employee 39,employee39@example.com,58,4729.32,774,EMPLOYEE,$2a$10$EblN0qSJB0xoga.FWp5Xuea2iXh4nL2Lk9QZcvrBekzvOft/Sifr6
Employee 40,employee40@example.com,51,5522.23,762,EMPLOYEE,$2a$10$EblN0qSJB0xoga.FWp5Xuea2iXh4nL2Lk9QZcvrBekzvOft/Sifr6
Employee 41,employee41@example.com,26,5320.66,714,EMPLOYEE,$2a$10$EblN0qSJB0xoga.FWp5Xuea2iXh4nL2Lk9QZcvrBekzvOft/Sifr6
Employee 42,employee42@example.com,46,6581.21,733,EMPLOYEE,$2a$10$EblN0qSJB0xoga.FWp5Xuea2iXh4nL2Lk9QZcvrBekzvOft/Sifr6
Employee 43,employee43@example.com,57,6634.14,729,EMPLOYEE,$2a$10$EblN0qSJB0xoga.FWp5Xuea2iXh4nL2Lk9QZcvrBekzvOft/Sifr6
Employee 44,employee44@example.com,49,5705.73,792,EMPLOYEE,$2a$10$EblN0qSJB0xoga.FWp5Xuea2iXh4nL2Lk9QZcvrBekzvOft/Sifr6
Employee 45,employee45@example.com,26,5976.14,809,EMPLOYEE,$2a$10$EblN0qSJB0xoga.FWp5Xuea2iXh4nL2Lk9QZcvrBekzvOft/Sifr6
Employee 46,employee46@example.com,55,5162.82,715,EMPLOYEE,$2a$10$EblN0qSJB0xoga.FWp5Xuea2iXh4nL2Lk9QZcvrBekzvOft/Sifr6
Employee 47,employee47@example.com,49,6955.81,703,EMPLOYEE,$2a$10$EblN0qSJB0xoga.FWp5Xuea2iXh4nL2Lk9QZcvrBekzvOft/Sifr6
Employee 48,employee48@example.com,39,6916.41,736,EMPLOYEE,$2a$10$EblN0qSJB0xoga.FWp5Xuea2iXh4nL2Lk9QZcvrBekzvOft/Sifr6
Employee 49,employee49@example.com,38,6070.4,710,EMPLOYEE,$2a$10$EblN0qSJB0xoga.FWp5Xuea2iXh4nL2Lk9QZcvrBekzvOft/Sifr6
Employee 50,employee50@example.com,52,5231.58,815,EMPLOYEE,$2a$10$EblN0qSJB0xoga.FWp5Xuea2iXh4nL2Lk9QZcvrBekzvOft/Sifr6
